priority_rank,year,batch_id,reporter_id,reporter_iso3,reporter_name,canonical_name,wto_reporter_code,observed_partner_trade_usd_m_from_present_reporters,observed_present_reporter_count_importing_from_partner,priority_basis,source_portal,source_section,flow,product_scope,format,expected_batch_filename,expected_batch_path,download_status,source_family,notes
1,2024,VNM_2024,VNM,VNM,Viet Nam,Viet Nam,704,515080.767,78,observed trade from present reporters,WTO Data portal,INDICATORS,Imports by origin,TOTAL / All products,CSV,imports_VNM_2024.csv,C:\Users\Hayden.Stolzenberg\tarriff-tracker-git\data\raw\worldwide\wto_ttd\inbox\imports_batches\imports_VNM_2024.csv,pending,wto_ttd_bilateral_imports,Acquire one reporter-batch bilateral imports CSV for this reporter/year
2,2024,RUS_2024,RUS,RUS,Russia,Russia,643,394185.53,78,observed trade from present reporters,WTO Data portal,INDICATORS,Imports by origin,TOTAL / All products,CSV,imports_RUS_2024.csv,C:\Users\Hayden.Stolzenberg\tarriff-tracker-git\data\raw\worldwide\wto_ttd\inbox\imports_batches\imports_RUS_2024.csv,pending,wto_ttd_bilateral_imports,Acquire one reporter-batch bilateral imports CSV for this reporter/year
3,2024,IRQ_2024,IRQ,IRQ,Iraq,Iraq,368,113899.301,65,observed trade from present reporters,WTO Data portal,INDICATORS,Imports by origin,TOTAL / All products,CSV,imports_IRQ_2024.csv,C:\Users\Hayden.Stolzenberg\tarriff-tracker-git\data\raw\worldwide\wto_ttd\inbox\imports_batches\imports_IRQ_2024.csv,pending,wto_ttd_bilateral_imports,Acquire one reporter-batch bilateral imports CSV for this reporter/year
4,2024,BGD_2024,BGD,BGD,Bangladesh,Bangladesh,050,49734.08,78,observed trade from present reporters,WTO Data portal,INDICATORS,Imports by origin,TOTAL / All products,CSV,imports_BGD_2024.csv,C:\Users\Hayden.Stolzenberg\tarriff-tracker-git\data\raw\worldwide\wto_ttd\inbox\imports_batches\imports_BGD_2024.csv,pending,wto_ttd_bilateral_imports,Acquire one reporter-batch bilateral imports CSV for this reporter/year
5,2024,DZA_2024,DZA,DZA,Algeria,Algeria,012,40405.407,74,observed trade from present reporters,WTO Data portal,INDICATORS,Imports by origin,TOTAL / All products,CSV,imports_DZA_2024.csv,C:\Users\Hayden.Stolzenberg\tarriff-tracker-git\data\raw\worldwide\wto_ttd\inbox\imports_batches\imports_DZA_2024.csv,pending,wto_ttd_bilateral_imports,Acquire one reporter-batch bilateral imports CSV for this reporter/year
6,2024,LBY_2024,LBY,LBY,Libya,Libya,434,31909.83,53,observed trade from present reporters,WTO Data portal,INDICATORS,Imports by origin,TOTAL / All products,CSV,imports_LBY_2024.csv,C:\Users\Hayden.Stolzenberg\tarriff-tracker-git\data\raw\worldwide\wto_ttd\inbox\imports_batches\imports_LBY_2024.csv,pending,wto_ttd_bilateral_imports,Acquire one reporter-batch bilateral imports CSV for this reporter/year
7,2024,COD_2024,COD,COD,"Congo, The Democratic Republic of the","Congo, The Democratic Republic of the",180,31386.2,62,observed trade from present reporters,WTO Data portal,INDICATORS,Imports by origin,TOTAL / All products,CSV,imports_COD_2024.csv,C:\Users\Hayden.Stolzenberg\tarriff-tracker-git\data\raw\worldwide\wto_ttd\inbox\imports_batches\imports_COD_2024.csv,pending,wto_ttd_bilateral_imports,Acquire one reporter-batch bilateral imports CSV for this reporter/year
8,2024,TKM_2024,TKM,TKM,Turkmenistan,Turkmenistan,795,13360.179,66,observed trade from present reporters,WTO Data portal,INDICATORS,Imports by origin,TOTAL / All products,CSV,imports_TKM_2024.csv,C:\Users\Hayden.Stolzenberg\tarriff-tracker-git\data\raw\worldwide\wto_ttd\inbox\imports_batches\imports_TKM_2024.csv,pending,wto_ttd_bilateral_imports,Acquire one reporter-batch bilateral imports CSV for this reporter/year
9,2024,VEN_2024,VEN,VEN,"Venezuela, Bolivarian Republic of","Venezuela, Bolivarian Republic of",862,13066.958,70,observed trade from present reporters,WTO Data portal,INDICATORS,Imports by origin,TOTAL / All products,CSV,imports_VEN_2024.csv,C:\Users\Hayden.Stolzenberg\tarriff-tracker-git\data\raw\worldwide\wto_ttd\inbox\imports_batches\imports_VEN_2024.csv,pending,wto_ttd_bilateral_imports,Acquire one reporter-batch bilateral imports CSV for this reporter/year
10,2024,PNG_2024,PNG,PNG,Papua New Guinea,Papua New Guinea,598,12997.481,57,observed trade from present reporters,WTO Data portal,INDICATORS,Imports by origin,TOTAL / All products,CSV,imports_PNG_2024.csv,C:\Users\Hayden.Stolzenberg\tarriff-tracker-git\data\raw\worldwide\wto_ttd\inbox\imports_batches\imports_PNG_2024.csv,pending,wto_ttd_bilateral_imports,Acquire one reporter-batch bilateral imports CSV for this reporter/year
11,2024,COG_2024,COG,COG,Congo,Congo,178,11832.105,67,observed trade from present reporters,WTO Data portal,INDICATORS,Imports by origin,TOTAL / All products,CSV,imports_COG_2024.csv,C:\Users\Hayden.Stolzenberg\tarriff-tracker-git\data\raw\worldwide\wto_ttd\inbox\imports_batches\imports_COG_2024.csv,pending,wto_ttd_bilateral_imports,Acquire one reporter-batch bilateral imports CSV for this reporter/year
12,2024,LAO_2024,LAO,LAO,Lao People's Democratic Republic,Lao People's Democratic Republic,418,10915.517,74,observed trade from present reporters,WTO Data portal,INDICATORS,Imports by origin,TOTAL / All products,CSV,imports_LAO_2024.csv,C:\Users\Hayden.Stolzenberg\tarriff-tracker-git\data\raw\worldwide\wto_ttd\inbox\imports_batches\imports_LAO_2024.csv,pending,wto_ttd_bilateral_imports,Acquire one reporter-batch bilateral imports CSV for this reporter/year
13,2024,PRY_2024,PRY,PRY,Paraguay,Paraguay,600,10630.117,71,observed trade from present reporters,WTO Data portal,INDICATORS,Imports by origin,TOTAL / All products,CSV,imports_PRY_2024.csv,C:\Users\Hayden.Stolzenberg\tarriff-tracker-git\data\raw\worldwide\wto_ttd\inbox\imports_batches\imports_PRY_2024.csv,pending,wto_ttd_bilateral_imports,Acquire one reporter-batch bilateral imports CSV for this reporter/year
14,2024,GAB_2024,GAB,GAB,Gabon,Gabon,266,8048.751,68,observed trade from present reporters,WTO Data portal,INDICATORS,Imports by origin,TOTAL / All products,CSV,imports_GAB_2024.csv,C:\Users\Hayden.Stolzenberg\tarriff-tracker-git\data\raw\worldwide\wto_ttd\inbox\imports_batches\imports_GAB_2024.csv,pending,wto_ttd_bilateral_imports,Acquire one reporter-batch bilateral imports CSV for this reporter/year
15,2024,MLI_2024,MLI,MLI,Mali,Mali,466,7712.12,69,observed trade from present reporters,WTO Data portal,INDICATORS,Imports by origin,TOTAL / All products,CSV,imports_MLI_2024.csv,C:\Users\Hayden.Stolzenberg\tarriff-tracker-git\data\raw\worldwide\wto_ttd\inbox\imports_batches\imports_MLI_2024.csv,pending,wto_ttd_bilateral_imports,Acquire one reporter-batch bilateral imports CSV for this reporter/year
16,2024,CMR_2024,CMR,CMR,Cameroon,Cameroon,120,7451.883,77,observed trade from present reporters,WTO Data portal,INDICATORS,Imports by origin,TOTAL / All products,CSV,imports_CMR_2024.csv,C:\Users\Hayden.Stolzenberg\tarriff-tracker-git\data\raw\worldwide\wto_ttd\inbox\imports_batches\imports_CMR_2024.csv,pending,wto_ttd_bilateral_imports,Acquire one reporter-batch bilateral imports CSV for this reporter/year
17,2024,BLR_2024,BLR,BLR,Belarus,Belarus,112,6295.571,75,observed trade from present reporters,WTO Data portal,INDICATORS,Imports by origin,TOTAL / All products,CSV,imports_BLR_2024.csv,C:\Users\Hayden.Stolzenberg\tarriff-tracker-git\data\raw\worldwide\wto_ttd\inbox\imports_batches\imports_BLR_2024.csv,pending,wto_ttd_bilateral_imports,Acquire one reporter-batch bilateral imports CSV for this reporter/year
18,2024,SLV_2024,SLV,SLV,El Salvador,El Salvador,222,6039.193,71,observed trade from present reporters,WTO Data portal,INDICATORS,Imports by origin,TOTAL / All products,CSV,imports_SLV_2024.csv,C:\Users\Hayden.Stolzenberg\tarriff-tracker-git\data\raw\worldwide\wto_ttd\inbox\imports_batches\imports_SLV_2024.csv,pending,wto_ttd_bilateral_imports,Acquire one reporter-batch bilateral imports CSV for this reporter/year
19,2024,TCD_2024,TCD,TCD,Chad,Chad,148,4850.013,61,observed trade from present reporters,WTO Data portal,INDICATORS,Imports by origin,TOTAL / All products,CSV,imports_TCD_2024.csv,C:\Users\Hayden.Stolzenberg\tarriff-tracker-git\data\raw\worldwide\wto_ttd\inbox\imports_batches\imports_TCD_2024.csv,pending,wto_ttd_bilateral_imports,Acquire one reporter-batch bilateral imports CSV for this reporter/year
20,2024,SEN_2024,SEN,SEN,Senegal,Senegal,686,4790.718,72,observed trade from present reporters,WTO Data portal,INDICATORS,Imports by origin,TOTAL / All products,CSV,imports_SEN_2024.csv,C:\Users\Hayden.Stolzenberg\tarriff-tracker-git\data\raw\worldwide\wto_ttd\inbox\imports_batches\imports_SEN_2024.csv,pending,wto_ttd_bilateral_imports,Acquire one reporter-batch bilateral imports CSV for this reporter/year
21,2024,GNQ_2024,GNQ,GNQ,Equatorial Guinea,Equatorial Guinea,226,4361.506,45,observed trade from present reporters,WTO Data portal,INDICATORS,Imports by origin,TOTAL / All products,CSV,imports_GNQ_2024.csv,C:\Users\Hayden.Stolzenberg\tarriff-tracker-git\data\raw\worldwide\wto_ttd\inbox\imports_batches\imports_GNQ_2024.csv,pending,wto_ttd_bilateral_imports,Acquire one reporter-batch bilateral imports CSV for this reporter/year
22,2024,MRT_2024,MRT,MRT,Mauritania,Mauritania,478,4309.0,67,observed trade from present reporters,WTO Data portal,INDICATORS,Imports by origin,TOTAL / All products,CSV,imports_MRT_2024.csv,C:\Users\Hayden.Stolzenberg\tarriff-tracker-git\data\raw\worldwide\wto_ttd\inbox\imports_batches\imports_MRT_2024.csv,pending,wto_ttd_bilateral_imports,Acquire one reporter-batch bilateral imports CSV for this reporter/year
23,2024,ETH_2024,ETH,ETH,Ethiopia,Ethiopia,231,4271.515,77,observed trade from present reporters,WTO Data portal,INDICATORS,Imports by origin,TOTAL / All products,CSV,imports_ETH_2024.csv,C:\Users\Hayden.Stolzenberg\tarriff-tracker-git\data\raw\worldwide\wto_ttd\inbox\imports_batches\imports_ETH_2024.csv,pending,wto_ttd_bilateral_imports,Acquire one reporter-batch bilateral imports CSV for this reporter/year
24,2024,MDG_2024,MDG,MDG,Madagascar,Madagascar,450,3648.492,77,observed trade from present reporters,WTO Data portal,INDICATORS,Imports by origin,TOTAL / All products,CSV,imports_MDG_2024.csv,C:\Users\Hayden.Stolzenberg\tarriff-tracker-git\data\raw\worldwide\wto_ttd\inbox\imports_batches\imports_MDG_2024.csv,pending,wto_ttd_bilateral_imports,Acquire one reporter-batch bilateral imports CSV for this reporter/year
25,2024,GEO_2024,GEO,GEO,Georgia,Georgia,268,3410.202,76,observed trade from present reporters,WTO Data portal,INDICATORS,Imports by origin,TOTAL / All products,CSV,imports_GEO_2024.csv,C:\Users\Hayden.Stolzenberg\tarriff-tracker-git\data\raw\worldwide\wto_ttd\inbox\imports_batches\imports_GEO_2024.csv,pending,wto_ttd_bilateral_imports,Acquire one reporter-batch bilateral imports CSV for this reporter/year
26,2024,PAN_2024,PAN,PAN,Panama,Panama,591,3169.846,73,observed trade from present reporters,WTO Data portal,INDICATORS,Imports by origin,TOTAL / All products,CSV,imports_PAN_2024.csv,C:\Users\Hayden.Stolzenberg\tarriff-tracker-git\data\raw\worldwide\wto_ttd\inbox\imports_batches\imports_PAN_2024.csv,pending,wto_ttd_bilateral_imports,Acquire one reporter-batch bilateral imports CSV for this reporter/year
27,2024,MDA_2024,MDA,MDA,"Moldova, Republic of","Moldova, Republic of",498,3162.666,75,observed trade from present reporters,WTO Data portal,INDICATORS,Imports by origin,TOTAL / All products,CSV,imports_MDA_2024.csv,C:\Users\Hayden.Stolzenberg\tarriff-tracker-git\data\raw\worldwide\wto_ttd\inbox\imports_batches\imports_MDA_2024.csv,pending,wto_ttd_bilateral_imports,Acquire one reporter-batch bilateral imports CSV for this reporter/year
28,2024,LBN_2024,LBN,LBN,Lebanon,Lebanon,422,3028.062,76,observed trade from present reporters,WTO Data portal,INDICATORS,Imports by origin,TOTAL / All products,CSV,imports_LBN_2024.csv,C:\Users\Hayden.Stolzenberg\tarriff-tracker-git\data\raw\worldwide\wto_ttd\inbox\imports_batches\imports_LBN_2024.csv,pending,wto_ttd_bilateral_imports,Acquire one reporter-batch bilateral imports CSV for this reporter/year
29,2024,ALB_2024,ALB,ALB,Albania,Albania,008,2913.103,75,observed trade from present reporters,WTO Data portal,INDICATORS,Imports by origin,TOTAL / All products,CSV,imports_ALB_2024.csv,C:\Users\Hayden.Stolzenberg\tarriff-tracker-git\data\raw\worldwide\wto_ttd\inbox\imports_batches\imports_ALB_2024.csv,pending,wto_ttd_bilateral_imports,Acquire one reporter-batch bilateral imports CSV for this reporter/year
30,2024,SUR_2024,SUR,SUR,Suriname,Suriname,740,2613.931,62,observed trade from present reporters,WTO Data portal,INDICATORS,Imports by origin,TOTAL / All products,CSV,imports_SUR_2024.csv,C:\Users\Hayden.Stolzenberg\tarriff-tracker-git\data\raw\worldwide\wto_ttd\inbox\imports_batches\imports_SUR_2024.csv,pending,wto_ttd_bilateral_imports,Acquire one reporter-batch bilateral imports CSV for this reporter/year
31,2024,BHS_2024,BHS,BHS,Bahamas,Bahamas,044,2383.867,68,observed trade from present reporters,WTO Data portal,INDICATORS,Imports by origin,TOTAL / All products,CSV,imports_BHS_2024.csv,C:\Users\Hayden.Stolzenberg\tarriff-tracker-git\data\raw\worldwide\wto_ttd\inbox\imports_batches\imports_BHS_2024.csv,pending,wto_ttd_bilateral_imports,Acquire one reporter-batch bilateral imports CSV for this reporter/year
32,2024,LBR_2024,LBR,LBR,Liberia,Liberia,430,2280.981,57,observed trade from present reporters,WTO Data portal,INDICATORS,Imports by origin,TOTAL / All products,CSV,imports_LBR_2024.csv,C:\Users\Hayden.Stolzenberg\tarriff-tracker-git\data\raw\worldwide\wto_ttd\inbox\imports_batches\imports_LBR_2024.csv,pending,wto_ttd_bilateral_imports,Acquire one reporter-batch bilateral imports CSV for this reporter/year
33,2024,SWZ_2024,SWZ,SWZ,Eswatini,Eswatini,748,2202.704,74,observed trade from present reporters,WTO Data portal,INDICATORS,Imports by origin,TOTAL / All products,CSV,imports_SWZ_2024.csv,C:\Users\Hayden.Stolzenberg\tarriff-tracker-git\data\raw\worldwide\wto_ttd\inbox\imports_batches\imports_SWZ_2024.csv,pending,wto_ttd_bilateral_imports,Acquire one reporter-batch bilateral imports CSV for this reporter/year
34,2024,RWA_2024,RWA,RWA,Rwanda,Rwanda,646,2083.908,70,observed trade from present reporters,WTO Data portal,INDICATORS,Imports by origin,TOTAL / All products,CSV,imports_RWA_2024.csv,C:\Users\Hayden.Stolzenberg\tarriff-tracker-git\data\raw\worldwide\wto_ttd\inbox\imports_batches\imports_RWA_2024.csv,pending,wto_ttd_bilateral_imports,Acquire one reporter-batch bilateral imports CSV for this reporter/year
35,2024,LIE_2024,LIE,LIE,Liechtenstein,Liechtenstein,438,2071.109,27,observed trade from present reporters,WTO Data portal,INDICATORS,Imports by origin,TOTAL / All products,CSV,imports_LIE_2024.csv,C:\Users\Hayden.Stolzenberg\tarriff-tracker-git\data\raw\worldwide\wto_ttd\inbox\imports_batches\imports_LIE_2024.csv,pending,wto_ttd_bilateral_imports,Acquire one reporter-batch bilateral imports CSV for this reporter/year
36,2024,MUS_2024,MUS,MUS,Mauritius,Mauritius,480,2028.204,77,observed trade from present reporters,WTO Data portal,INDICATORS,Imports by origin,TOTAL / All products,CSV,imports_MUS_2024.csv,C:\Users\Hayden.Stolzenberg\tarriff-tracker-git\data\raw\worldwide\wto_ttd\inbox\imports_batches\imports_MUS_2024.csv,pending,wto_ttd_bilateral_imports,Acquire one reporter-batch bilateral imports CSV for this reporter/year
37,2024,AFG_2024,AFG,AFG,Afghanistan,Afghanistan,004,1747.464,75,observed trade from present reporters,WTO Data portal,INDICATORS,Imports by origin,TOTAL / All products,CSV,imports_AFG_2024.csv,C:\Users\Hayden.Stolzenberg\tarriff-tracker-git\data\raw\worldwide\wto_ttd\inbox\imports_batches\imports_AFG_2024.csv,pending,wto_ttd_bilateral_imports,Acquire one reporter-batch bilateral imports CSV for this reporter/year
38,2024,TJK_2024,TJK,TJK,Tajikistan,Tajikistan,762,1728.869,60,observed trade from present reporters,WTO Data portal,INDICATORS,Imports by origin,TOTAL / All products,CSV,imports_TJK_2024.csv,C:\Users\Hayden.Stolzenberg\tarriff-tracker-git\data\raw\worldwide\wto_ttd\inbox\imports_batches\imports_TJK_2024.csv,pending,wto_ttd_bilateral_imports,Acquire one reporter-batch bilateral imports CSV for this reporter/year
39,2024,SLE_2024,SLE,SLE,Sierra Leone,Sierra Leone,694,1627.558,72,observed trade from present reporters,WTO Data portal,INDICATORS,Imports by origin,TOTAL / All products,CSV,imports_SLE_2024.csv,C:\Users\Hayden.Stolzenberg\tarriff-tracker-git\data\raw\worldwide\wto_ttd\inbox\imports_batches\imports_SLE_2024.csv,pending,wto_ttd_bilateral_imports,Acquire one reporter-batch bilateral imports CSV for this reporter/year
40,2024,BEN_2024,BEN,BEN,Benin,Benin,204,1546.148,62,observed trade from present reporters,WTO Data portal,INDICATORS,Imports by origin,TOTAL / All products,CSV,imports_BEN_2024.csv,C:\Users\Hayden.Stolzenberg\tarriff-tracker-git\data\raw\worldwide\wto_ttd\inbox\imports_batches\imports_BEN_2024.csv,pending,wto_ttd_bilateral_imports,Acquire one reporter-batch bilateral imports CSV for this reporter/year
41,2024,YEM_2024,YEM,YEM,Yemen,Yemen,887,1386.184,53,observed trade from present reporters,WTO Data portal,INDICATORS,Imports by origin,TOTAL / All products,CSV,imports_YEM_2024.csv,C:\Users\Hayden.Stolzenberg\tarriff-tracker-git\data\raw\worldwide\wto_ttd\inbox\imports_batches\imports_YEM_2024.csv,pending,wto_ttd_bilateral_imports,Acquire one reporter-batch bilateral imports CSV for this reporter/year
42,2024,NPL_2024,NPL,NPL,Nepal,Nepal,524,1246.006,73,observed trade from present reporters,WTO Data portal,INDICATORS,Imports by origin,TOTAL / All products,CSV,imports_NPL_2024.csv,C:\Users\Hayden.Stolzenberg\tarriff-tracker-git\data\raw\worldwide\wto_ttd\inbox\imports_batches\imports_NPL_2024.csv,pending,wto_ttd_bilateral_imports,Acquire one reporter-batch bilateral imports CSV for this reporter/year
43,2024,NER_2024,NER,NER,Niger,Niger,562,1209.402,70,observed trade from present reporters,WTO Data portal,INDICATORS,Imports by origin,TOTAL / All products,CSV,imports_NER_2024.csv,C:\Users\Hayden.Stolzenberg\tarriff-tracker-git\data\raw\worldwide\wto_ttd\inbox\imports_batches\imports_NER_2024.csv,pending,wto_ttd_bilateral_imports,Acquire one reporter-batch bilateral imports CSV for this reporter/year
44,2024,SYR_2024,SYR,SYR,Syrian Arab Republic,Syrian Arab Republic,760,1134.891,71,observed trade from present reporters,WTO Data portal,INDICATORS,Imports by origin,TOTAL / All products,CSV,imports_SYR_2024.csv,C:\Users\Hayden.Stolzenberg\tarriff-tracker-git\data\raw\worldwide\wto_ttd\inbox\imports_batches\imports_SYR_2024.csv,pending,wto_ttd_bilateral_imports,Acquire one reporter-batch bilateral imports CSV for this reporter/year
45,2024,LSO_2024,LSO,LSO,Lesotho,Lesotho,426,1133.908,62,observed trade from present reporters,WTO Data portal,INDICATORS,Imports by origin,TOTAL / All products,CSV,imports_LSO_2024.csv,C:\Users\Hayden.Stolzenberg\tarriff-tracker-git\data\raw\worldwide\wto_ttd\inbox\imports_batches\imports_LSO_2024.csv,pending,wto_ttd_bilateral_imports,Acquire one reporter-batch bilateral imports CSV for this reporter/year
46,2024,JAM_2024,JAM,JAM,Jamaica,Jamaica,388,1118.182,70,observed trade from present reporters,WTO Data portal,INDICATORS,Imports by origin,TOTAL / All products,CSV,imports_JAM_2024.csv,C:\Users\Hayden.Stolzenberg\tarriff-tracker-git\data\raw\worldwide\wto_ttd\inbox\imports_batches\imports_JAM_2024.csv,pending,wto_ttd_bilateral_imports,Acquire one reporter-batch bilateral imports CSV for this reporter/year
47,2024,SOM_2024,SOM,SOM,Somalia,Somalia,706,1098.871,64,observed trade from present reporters,WTO Data portal,INDICATORS,Imports by origin,TOTAL / All products,CSV,imports_SOM_2024.csv,C:\Users\Hayden.Stolzenberg\tarriff-tracker-git\data\raw\worldwide\wto_ttd\inbox\imports_batches\imports_SOM_2024.csv,pending,wto_ttd_bilateral_imports,Acquire one reporter-batch bilateral imports CSV for this reporter/year
48,2024,CUB_2024,CUB,CUB,Cuba,Cuba,192,936.04,72,observed trade from present reporters,WTO Data portal,INDICATORS,Imports by origin,TOTAL / All products,CSV,imports_CUB_2024.csv,C:\Users\Hayden.Stolzenberg\tarriff-tracker-git\data\raw\worldwide\wto_ttd\inbox\imports_batches\imports_CUB_2024.csv,pending,wto_ttd_bilateral_imports,Acquire one reporter-batch bilateral imports CSV for this reporter/year
49,2024,MWI_2024,MWI,MWI,Malawi,Malawi,454,929.866,68,observed trade from present reporters,WTO Data portal,INDICATORS,Imports by origin,TOTAL / All products,CSV,imports_MWI_2024.csv,C:\Users\Hayden.Stolzenberg\tarriff-tracker-git\data\raw\worldwide\wto_ttd\inbox\imports_batches\imports_MWI_2024.csv,pending,wto_ttd_bilateral_imports,Acquire one reporter-batch bilateral imports CSV for this reporter/year
50,2024,HTI_2024,HTI,HTI,Haiti,Haiti,332,800.441,65,observed trade from present reporters,WTO Data portal,INDICATORS,Imports by origin,TOTAL / All products,CSV,imports_HTI_2024.csv,C:\Users\Hayden.Stolzenberg\tarriff-tracker-git\data\raw\worldwide\wto_ttd\inbox\imports_batches\imports_HTI_2024.csv,pending,wto_ttd_bilateral_imports,Acquire one reporter-batch bilateral imports CSV for this reporter/year
51,2024,SLB_2024,SLB,SLB,Solomon Islands,Solomon Islands,090,669.275,49,observed trade from present reporters,WTO Data portal,INDICATORS,Imports by origin,TOTAL / All products,CSV,imports_SLB_2024.csv,C:\Users\Hayden.Stolzenberg\tarriff-tracker-git\data\raw\worldwide\wto_ttd\inbox\imports_batches\imports_SLB_2024.csv,pending,wto_ttd_bilateral_imports,Acquire one reporter-batch bilateral imports CSV for this reporter/year
52,2024,MAC_2024,MAC,MAC,Macao,Macao,446,644.532,68,observed trade from present reporters,WTO Data portal,INDICATORS,Imports by origin,TOTAL / All products,CSV,imports_MAC_2024.csv,C:\Users\Hayden.Stolzenberg\tarriff-tracker-git\data\raw\worldwide\wto_ttd\inbox\imports_batches\imports_MAC_2024.csv,pending,wto_ttd_bilateral_imports,Acquire one reporter-batch bilateral imports CSV for this reporter/year
53,2024,FJI_2024,FJI,FJI,Fiji,Fiji,242,618.18,60,observed trade from present reporters,WTO Data portal,INDICATORS,Imports by origin,TOTAL / All products,CSV,imports_FJI_2024.csv,C:\Users\Hayden.Stolzenberg\tarriff-tracker-git\data\raw\worldwide\wto_ttd\inbox\imports_batches\imports_FJI_2024.csv,pending,wto_ttd_bilateral_imports,Acquire one reporter-batch bilateral imports CSV for this reporter/year
54,2024,SYC_2024,SYC,SYC,Seychelles,Seychelles,690,539.96,64,observed trade from present reporters,WTO Data portal,INDICATORS,Imports by origin,TOTAL / All products,CSV,imports_SYC_2024.csv,C:\Users\Hayden.Stolzenberg\tarriff-tracker-git\data\raw\worldwide\wto_ttd\inbox\imports_batches\imports_SYC_2024.csv,pending,wto_ttd_bilateral_imports,Acquire one reporter-batch bilateral imports CSV for this reporter/year
55,2024,SSD_2024,SSD,SSD,South Sudan,South Sudan,728,506.988,33,observed trade from present reporters,WTO Data portal,INDICATORS,Imports by origin,TOTAL / All products,CSV,imports_SSD_2024.csv,C:\Users\Hayden.Stolzenberg\tarriff-tracker-git\data\raw\worldwide\wto_ttd\inbox\imports_batches\imports_SSD_2024.csv,pending,wto_ttd_bilateral_imports,Acquire one reporter-batch bilateral imports CSV for this reporter/year
56,2024,BTN_2024,BTN,BTN,Bhutan,Bhutan,064,461.851,51,observed trade from present reporters,WTO Data portal,INDICATORS,Imports by origin,TOTAL / All products,CSV,imports_BTN_2024.csv,C:\Users\Hayden.Stolzenberg\tarriff-tracker-git\data\raw\worldwide\wto_ttd\inbox\imports_batches\imports_BTN_2024.csv,pending,wto_ttd_bilateral_imports,Acquire one reporter-batch bilateral imports CSV for this reporter/year
57,2024,VUT_2024,VUT,VUT,Vanuatu,Vanuatu,548,314.294,42,observed trade from present reporters,WTO Data portal,INDICATORS,Imports by origin,TOTAL / All products,CSV,imports_VUT_2024.csv,C:\Users\Hayden.Stolzenberg\tarriff-tracker-git\data\raw\worldwide\wto_ttd\inbox\imports_batches\imports_VUT_2024.csv,pending,wto_ttd_bilateral_imports,Acquire one reporter-batch bilateral imports CSV for this reporter/year
58,2024,CUW_2024,CUW,CUW,Curaçao,Curaçao,531,309.884,47,observed trade from present reporters,WTO Data portal,INDICATORS,Imports by origin,TOTAL / All products,CSV,imports_CUW_2024.csv,C:\Users\Hayden.Stolzenberg\tarriff-tracker-git\data\raw\worldwide\wto_ttd\inbox\imports_batches\imports_CUW_2024.csv,pending,wto_ttd_bilateral_imports,Acquire one reporter-batch bilateral imports CSV for this reporter/year
59,2024,BLZ_2024,BLZ,BLZ,Belize,Belize,084,288.293,62,observed trade from present reporters,WTO Data portal,INDICATORS,Imports by origin,TOTAL / All products,CSV,imports_BLZ_2024.csv,C:\Users\Hayden.Stolzenberg\tarriff-tracker-git\data\raw\worldwide\wto_ttd\inbox\imports_batches\imports_BLZ_2024.csv,pending,wto_ttd_bilateral_imports,Acquire one reporter-batch bilateral imports CSV for this reporter/year
60,2024,CAF_2024,CAF,CAF,Central African Republic,Central African Republic,140,266.09,60,observed trade from present reporters,WTO Data portal,INDICATORS,Imports by origin,TOTAL / All products,CSV,imports_CAF_2024.csv,C:\Users\Hayden.Stolzenberg\tarriff-tracker-git\data\raw\worldwide\wto_ttd\inbox\imports_batches\imports_CAF_2024.csv,pending,wto_ttd_bilateral_imports,Acquire one reporter-batch bilateral imports CSV for this reporter/year
61,2024,MDV_2024,MDV,MDV,Maldives,Maldives,462,262.232,47,observed trade from present reporters,WTO Data portal,INDICATORS,Imports by origin,TOTAL / All products,CSV,imports_MDV_2024.csv,C:\Users\Hayden.Stolzenberg\tarriff-tracker-git\data\raw\worldwide\wto_ttd\inbox\imports_batches\imports_MDV_2024.csv,pending,wto_ttd_bilateral_imports,Acquire one reporter-batch bilateral imports CSV for this reporter/year
62,2024,GNB_2024,GNB,GNB,Guinea-Bissau,Guinea-Bissau,624,213.71,36,observed trade from present reporters,WTO Data portal,INDICATORS,Imports by origin,TOTAL / All products,CSV,imports_GNB_2024.csv,C:\Users\Hayden.Stolzenberg\tarriff-tracker-git\data\raw\worldwide\wto_ttd\inbox\imports_batches\imports_GNB_2024.csv,pending,wto_ttd_bilateral_imports,Acquire one reporter-batch bilateral imports CSV for this reporter/year
63,2024,DJI_2024,DJI,DJI,Djibouti,Djibouti,262,209.713,51,observed trade from present reporters,WTO Data portal,INDICATORS,Imports by origin,TOTAL / All products,CSV,imports_DJI_2024.csv,C:\Users\Hayden.Stolzenberg\tarriff-tracker-git\data\raw\worldwide\wto_ttd\inbox\imports_batches\imports_DJI_2024.csv,pending,wto_ttd_bilateral_imports,Acquire one reporter-batch bilateral imports CSV for this reporter/year
64,2024,AND_2024,AND,AND,Andorra,Andorra,020,168.23,63,observed trade from present reporters,WTO Data portal,INDICATORS,Imports by origin,TOTAL / All products,CSV,imports_AND_2024.csv,C:\Users\Hayden.Stolzenberg\tarriff-tracker-git\data\raw\worldwide\wto_ttd\inbox\imports_batches\imports_AND_2024.csv,pending,wto_ttd_bilateral_imports,Acquire one reporter-batch bilateral imports CSV for this reporter/year
65,2024,GMB_2024,GMB,GMB,Gambia,Gambia,270,165.586,66,observed trade from present reporters,WTO Data portal,INDICATORS,Imports by origin,TOTAL / All products,CSV,imports_GMB_2024.csv,C:\Users\Hayden.Stolzenberg\tarriff-tracker-git\data\raw\worldwide\wto_ttd\inbox\imports_batches\imports_GMB_2024.csv,pending,wto_ttd_bilateral_imports,Acquire one reporter-batch bilateral imports CSV for this reporter/year
66,2024,BRB_2024,BRB,BRB,Barbados,Barbados,052,155.074,65,observed trade from present reporters,WTO Data portal,INDICATORS,Imports by origin,TOTAL / All products,CSV,imports_BRB_2024.csv,C:\Users\Hayden.Stolzenberg\tarriff-tracker-git\data\raw\worldwide\wto_ttd\inbox\imports_batches\imports_BRB_2024.csv,pending,wto_ttd_bilateral_imports,Acquire one reporter-batch bilateral imports CSV for this reporter/year
67,2024,ATG_2024,ATG,ATG,Antigua and Barbuda,Antigua and Barbuda,028,135.644,54,observed trade from present reporters,WTO Data portal,INDICATORS,Imports by origin,TOTAL / All products,CSV,imports_ATG_2024.csv,C:\Users\Hayden.Stolzenberg\tarriff-tracker-git\data\raw\worldwide\wto_ttd\inbox\imports_batches\imports_ATG_2024.csv,pending,wto_ttd_bilateral_imports,Acquire one reporter-batch bilateral imports CSV for this reporter/year
68,2024,BDI_2024,BDI,BDI,Burundi,Burundi,108,120.832,50,observed trade from present reporters,WTO Data portal,INDICATORS,Imports by origin,TOTAL / All products,CSV,imports_BDI_2024.csv,C:\Users\Hayden.Stolzenberg\tarriff-tracker-git\data\raw\worldwide\wto_ttd\inbox\imports_batches\imports_BDI_2024.csv,pending,wto_ttd_bilateral_imports,Acquire one reporter-batch bilateral imports CSV for this reporter/year
69,2024,TLS_2024,TLS,TLS,Timor-Leste,Timor-Leste,626,86.86,44,observed trade from present reporters,WTO Data portal,INDICATORS,Imports by origin,TOTAL / All products,CSV,imports_TLS_2024.csv,C:\Users\Hayden.Stolzenberg\tarriff-tracker-git\data\raw\worldwide\wto_ttd\inbox\imports_batches\imports_TLS_2024.csv,pending,wto_ttd_bilateral_imports,Acquire one reporter-batch bilateral imports CSV for this reporter/year
70,2024,CPV_2024,CPV,CPV,Cabo Verde,Cabo Verde,132,85.071,52,observed trade from present reporters,WTO Data portal,INDICATORS,Imports by origin,TOTAL / All products,CSV,imports_CPV_2024.csv,C:\Users\Hayden.Stolzenberg\tarriff-tracker-git\data\raw\worldwide\wto_ttd\inbox\imports_batches\imports_CPV_2024.csv,pending,wto_ttd_bilateral_imports,Acquire one reporter-batch bilateral imports CSV for this reporter/year
71,2024,COM_2024,COM,COM,Comoros,Comoros,174,53.12,51,observed trade from present reporters,WTO Data portal,INDICATORS,Imports by origin,TOTAL / All products,CSV,imports_COM_2024.csv,C:\Users\Hayden.Stolzenberg\tarriff-tracker-git\data\raw\worldwide\wto_ttd\inbox\imports_batches\imports_COM_2024.csv,pending,wto_ttd_bilateral_imports,Acquire one reporter-batch bilateral imports CSV for this reporter/year
72,2024,STP_2024,STP,STP,Sao Tome and Principe,Sao Tome and Principe,678,47.055,48,observed trade from present reporters,WTO Data portal,INDICATORS,Imports by origin,TOTAL / All products,CSV,imports_STP_2024.csv,C:\Users\Hayden.Stolzenberg\tarriff-tracker-git\data\raw\worldwide\wto_ttd\inbox\imports_batches\imports_STP_2024.csv,pending,wto_ttd_bilateral_imports,Acquire one reporter-batch bilateral imports CSV for this reporter/year
73,2024,VCT_2024,VCT,VCT,Saint Vincent and the Grenadines,Saint Vincent and the Grenadines,670,43.37,37,observed trade from present reporters,WTO Data portal,INDICATORS,Imports by origin,TOTAL / All products,CSV,imports_VCT_2024.csv,C:\Users\Hayden.Stolzenberg\tarriff-tracker-git\data\raw\worldwide\wto_ttd\inbox\imports_batches\imports_VCT_2024.csv,pending,wto_ttd_bilateral_imports,Acquire one reporter-batch bilateral imports CSV for this reporter/year
74,2024,LCA_2024,LCA,LCA,Saint Lucia,Saint Lucia,662,41.046,37,observed trade from present reporters,WTO Data portal,INDICATORS,Imports by origin,TOTAL / All products,CSV,imports_LCA_2024.csv,C:\Users\Hayden.Stolzenberg\tarriff-tracker-git\data\raw\worldwide\wto_ttd\inbox\imports_batches\imports_LCA_2024.csv,pending,wto_ttd_bilateral_imports,Acquire one reporter-batch bilateral imports CSV for this reporter/year
75,2024,KNA_2024,KNA,KNA,Saint Kitts and Nevis,Saint Kitts and Nevis,659,39.173,55,observed trade from present reporters,WTO Data portal,INDICATORS,Imports by origin,TOTAL / All products,CSV,imports_KNA_2024.csv,C:\Users\Hayden.Stolzenberg\tarriff-tracker-git\data\raw\worldwide\wto_ttd\inbox\imports_batches\imports_KNA_2024.csv,pending,wto_ttd_bilateral_imports,Acquire one reporter-batch bilateral imports CSV for this reporter/year
76,2024,WSM_2024,WSM,WSM,Samoa,Samoa,882,37.142,38,observed trade from present reporters,WTO Data portal,INDICATORS,Imports by origin,TOTAL / All products,CSV,imports_WSM_2024.csv,C:\Users\Hayden.Stolzenberg\tarriff-tracker-git\data\raw\worldwide\wto_ttd\inbox\imports_batches\imports_WSM_2024.csv,pending,wto_ttd_bilateral_imports,Acquire one reporter-batch bilateral imports CSV for this reporter/year
77,2024,DMA_2024,DMA,DMA,Dominica,Dominica,212,25.63,60,observed trade from present reporters,WTO Data portal,INDICATORS,Imports by origin,TOTAL / All products,CSV,imports_DMA_2024.csv,C:\Users\Hayden.Stolzenberg\tarriff-tracker-git\data\raw\worldwide\wto_ttd\inbox\imports_batches\imports_DMA_2024.csv,pending,wto_ttd_bilateral_imports,Acquire one reporter-batch bilateral imports CSV for this reporter/year
78,2024,GRD_2024,GRD,GRD,Grenada,Grenada,308,22.028,49,observed trade from present reporters,WTO Data portal,INDICATORS,Imports by origin,TOTAL / All products,CSV,imports_GRD_2024.csv,C:\Users\Hayden.Stolzenberg\tarriff-tracker-git\data\raw\worldwide\wto_ttd\inbox\imports_batches\imports_GRD_2024.csv,pending,wto_ttd_bilateral_imports,Acquire one reporter-batch bilateral imports CSV for this reporter/year
79,2024,TON_2024,TON,TON,Tonga,Tonga,776,12.144,36,observed trade from present reporters,WTO Data portal,INDICATORS,Imports by origin,TOTAL / All products,CSV,imports_TON_2024.csv,C:\Users\Hayden.Stolzenberg\tarriff-tracker-git\data\raw\worldwide\wto_ttd\inbox\imports_batches\imports_TON_2024.csv,pending,wto_ttd_bilateral_imports,Acquire one reporter-batch bilateral imports CSV for this reporter/year
80,2024,VAT_2024,VAT,VAT,Holy See (Vatican City State),Holy See (Vatican City State),336,3.293,45,observed trade from present reporters,WTO Data portal,INDICATORS,Imports by origin,TOTAL / All products,CSV,imports_VAT_2024.csv,C:\Users\Hayden.Stolzenberg\tarriff-tracker-git\data\raw\worldwide\wto_ttd\inbox\imports_batches\imports_VAT_2024.csv,pending,wto_ttd_bilateral_imports,Acquire one reporter-batch bilateral imports CSV for this reporter/year
81,2024,BMU_2024,BMU,BMU,Bermuda,Bermuda,060,0.0,0,alphabetical fallback,WTO Data portal,INDICATORS,Imports by origin,TOTAL / All products,CSV,imports_BMU_2024.csv,C:\Users\Hayden.Stolzenberg\tarriff-tracker-git\data\raw\worldwide\wto_ttd\inbox\imports_batches\imports_BMU_2024.csv,pending,wto_ttd_bilateral_imports,Acquire one reporter-batch bilateral imports CSV for this reporter/year
82,2024,ERI_2024,ERI,ERI,Eritrea,Eritrea,232,0.0,0,alphabetical fallback,WTO Data portal,INDICATORS,Imports by origin,TOTAL / All products,CSV,imports_ERI_2024.csv,C:\Users\Hayden.Stolzenberg\tarriff-tracker-git\data\raw\worldwide\wto_ttd\inbox\imports_batches\imports_ERI_2024.csv,pending,wto_ttd_bilateral_imports,Acquire one reporter-batch bilateral imports CSV for this reporter/year
83,2024,FSM_2024,FSM,FSM,"Micronesia, Federated States of","Micronesia, Federated States of",583,0.0,0,alphabetical fallback,WTO Data portal,INDICATORS,Imports by origin,TOTAL / All products,CSV,imports_FSM_2024.csv,C:\Users\Hayden.Stolzenberg\tarriff-tracker-git\data\raw\worldwide\wto_ttd\inbox\imports_batches\imports_FSM_2024.csv,pending,wto_ttd_bilateral_imports,Acquire one reporter-batch bilateral imports CSV for this reporter/year
84,2024,MNE_2024,MNE,MNE,Montenegro,Montenegro,499,0.0,0,alphabetical fallback,WTO Data portal,INDICATORS,Imports by origin,TOTAL / All products,CSV,imports_MNE_2024.csv,C:\Users\Hayden.Stolzenberg\tarriff-tracker-git\data\raw\worldwide\wto_ttd\inbox\imports_batches\imports_MNE_2024.csv,pending,wto_ttd_bilateral_imports,Acquire one reporter-batch bilateral imports CSV for this reporter/year
85,2024,MTQ_2024,MTQ,MTQ,Martinique,Martinique,474,0.0,0,alphabetical fallback,WTO Data portal,INDICATORS,Imports by origin,TOTAL / All products,CSV,imports_MTQ_2024.csv,C:\Users\Hayden.Stolzenberg\tarriff-tracker-git\data\raw\worldwide\wto_ttd\inbox\imports_batches\imports_MTQ_2024.csv,pending,wto_ttd_bilateral_imports,Acquire one reporter-batch bilateral imports CSV for this reporter/year
86,2024,PRK_2024,PRK,PRK,"Korea, Democratic People's Republic of","Korea, Democratic People's Republic of",408,0.0,0,alphabetical fallback,WTO Data portal,INDICATORS,Imports by origin,TOTAL / All products,CSV,imports_PRK_2024.csv,C:\Users\Hayden.Stolzenberg\tarriff-tracker-git\data\raw\worldwide\wto_ttd\inbox\imports_batches\imports_PRK_2024.csv,pending,wto_ttd_bilateral_imports,Acquire one reporter-batch bilateral imports CSV for this reporter/year
87,2024,SDN_2024,SDN,SDN,Sudan,Sudan,729,0.0,0,alphabetical fallback,WTO Data portal,INDICATORS,Imports by origin,TOTAL / All products,CSV,imports_SDN_2024.csv,C:\Users\Hayden.Stolzenberg\tarriff-tracker-git\data\raw\worldwide\wto_ttd\inbox\imports_batches\imports_SDN_2024.csv,pending,wto_ttd_bilateral_imports,Acquire one reporter-batch bilateral imports CSV for this reporter/year
88,2024,SRB_2024,SRB,SRB,Serbia,Serbia,688,0.0,0,alphabetical fallback,WTO Data portal,INDICATORS,Imports by origin,TOTAL / All products,CSV,imports_SRB_2024.csv,C:\Users\Hayden.Stolzenberg\tarriff-tracker-git\data\raw\worldwide\wto_ttd\inbox\imports_batches\imports_SRB_2024.csv,pending,wto_ttd_bilateral_imports,Acquire one reporter-batch bilateral imports CSV for this reporter/year
89,2024,UMI_2024,UMI,UMI,United States Minor Outlying Islands,United States Minor Outlying Islands,581,0.0,0,alphabetical fallback,WTO Data portal,INDICATORS,Imports by origin,TOTAL / All products,CSV,imports_UMI_2024.csv,C:\Users\Hayden.Stolzenberg\tarriff-tracker-git\data\raw\worldwide\wto_ttd\inbox\imports_batches\imports_UMI_2024.csv,pending,wto_ttd_bilateral_imports,Acquire one reporter-batch bilateral imports CSV for this reporter/year
